Bile Duct,
Bladder, Bladder Wall
Bowel
Brachial Plexus
Brachial Plexus (Ipsilateral)
Brainstem
Bronchus (smaller airways)
Cauda Equina, Cauda
Cochlea
Colon, Large Bowel
Duodenum
Esophagus
Femoral Heads, Femoral Head
Great Vessels
Heart/Pericardium, Heart
Jejunum / Ileum, Small Bowel
Kidney (Ipsilateral)
Kidney (Total), Kidneys, Both Kidneys, Whole Kidney
Liver
Lung, Whole Lung - ITV, Whole Lung, Lungs
Optic Pathway
Penile Bulb
Rectum
Renal Hilum / Vascular Trunk
Rib, Ribs
Sacral Plexus
Skin
Spinal Cord, Cord
Spinal Cord Sub-Volume, Spinal Cord SubVolume Cord Sub-Volume, Cord SubVolume
Stomach
TBT, Trachea + Bronchial Tree, Trachea and Bronchial Tree, Trachea and Bronchus
Ureter